Lengths,0,1,2
5,2.792136715734639e-05,0.0018500210940732842,6.383979056501232e-07
6,8.232383352790862e-08,5.929989451924911e-06,4.074632462347516e-05
