Lengths,0,1,2
5,0.6273259716437933,0.5150537734304275,0.18678981653977683
6,0.31933453140260515,0.32708894238552444,0.5777920834500253
