Lengths,0,1,2
5,0.9171507645806201,0.9431719041271293,0.9494644245162732
6,0.9437330401603291,0.9481728282426342,0.9444853895966387
