Lengths,0,1,2
5,6.158722499967553,3.568253624951467,20.064308000029996
6,14.322960333083756,16.691318208002485,4.791547333006747
