Lengths,0,1,2
5,2.545982426393561,5.171776537038924,2.5517203649685682
6,2.9092689876077675,2.178497398937826,4.308151636478659
