Lengths,0,1,2
5,2.0775030309574873,4.763789575013324,2.2762148967825886
6,2.5873113974013124,2.0188518893180087,3.7381765236254423
