,c,time,rel_error,digits,drag
0,0.6,10.014325583004393,0.0001658809685136841,3.0,1763.5729102662247
1,0.7,21.055727707993356,0.0488073360232903,1.0,13517.183545896383
