Lengths,0
1,6.393217552580488e-11
2,5.50214873662469e-11
