Lengths,0
1,0.006535980791745116
2,0.027724950812263126
