Lengths,0
1,0.6455121716919529
2,0.6533641563216097
