Lengths,0
1,0.4992559589445591
2,0.3142133330111392
