Lengths,0
1,0.5353575370316059
2,0.5487773594107767
