Lengths,0
1,0.9033444049277737
2,0.9230204197183841
